{
	"info": {
		"_postman_id": "47737993-4803-4a49-bc5e-6bbfb8163afd",
		"name": "hackfse",
		"schema": "https://schema.getpostman.com/json/collection/v2.1.0/collection.json"
	},
	"item": [
		{
			"name": "assign task",
			"request": {
				"method": "POST",
				"header": [],
				"body": {
					"mode": "raw",
					"raw": "{\r\n    \"memberId\":\"262474\",\r\n    \"taskName\":\"java\",\r\n    \"taskStartDate\":\"2018-07-29\",\r\n    \"taskEndDate\":\"2020-01-29\"\r\n}",
					"options": {
						"raw": {
							"language": "json"
						}
					}
				},
				"url": {
					"raw": "http://localhost:8083/manager/assign-task",
					"protocol": "http",
					"host": [
						"localhost"
					],
					"port": "8083",
					"path": [
						"manager",
						"assign-task"
					]
				}
			},
			"response": []
		},
		{
			"name": "add member",
			"request": {
				"method": "POST",
				"header": [],
				"body": {
					"mode": "raw",
					"raw": "{\r\n    \"memberName\":\"ram\",\r\n    \"memberId\": 262478,\r\n    \"skills\": \"java,react,angular\",\r\n    \"experience\":5,\r\n    \"additionalDesc\": \"test\",\r\n    \"percentage\": 10,\r\n    \"projectStartDate\":\"2018-03-29\",\r\n    \"projectEndDate\":\"2022-10-29\"\r\n}",
					"options": {
						"raw": {
							"language": "json"
						}
					}
				},
				"url": {
					"raw": "http://localhost:8083/manager/add-member",
					"protocol": "http",
					"host": [
						"localhost"
					],
					"port": "8083",
					"path": [
						"manager",
						"add-member"
					]
				}
			},
			"response": []
		},
		{
			"name": "Update",
			"request": {
				"method": "POST",
				"header": [],
				"body": {
					"mode": "raw",
					"raw": "{\r\n    \"memberId\": 262478\r\n}",
					"options": {
						"raw": {
							"language": "json"
						}
					}
				},
				"url": {
					"raw": "http://localhost:8083/manager/update",
					"protocol": "http",
					"host": [
						"localhost"
					],
					"port": "8083",
					"path": [
						"manager",
						"update"
					]
				}
			},
			"response": []
		},
		{
			"name": "Get all members",
			"protocolProfileBehavior": {
				"disableBodyPruning": true
			},
			"request": {
				"method": "GET",
				"header": [],
				"body": {
					"mode": "raw",
					"raw": "{\r\n    \"memberName\":\"dhileep\",\r\n    \"skills\": \"java,react,angular\",\r\n    \"experience\":5,\r\n    \"additionalDesc\": \"test\",\r\n    \"percentage\": 10,\r\n    \"projectStartDate\":\"2018-03-29\",\r\n    \"projectEndDate\":\"2020-03-29\"\r\n}",
					"options": {
						"raw": {
							"language": "json"
						}
					}
				},
				"url": {
					"raw": "http://localhost:8083/manager/list/memberDetails",
					"protocol": "http",
					"host": [
						"localhost"
					],
					"port": "8083",
					"path": [
						"manager",
						"list",
						"memberDetails"
					]
				}
			},
			"response": []
		},
		{
			"name": "get Assigned tasks",
			"protocolProfileBehavior": {
				"disableBodyPruning": true
			},
			"request": {
				"method": "GET",
				"header": [],
				"body": {
					"mode": "raw",
					"raw": "{\r\n    \"memberName\":\"dhileep\",\r\n    \"skills\": \"java,react,angular\",\r\n    \"experience\":5,\r\n    \"additionalDesc\": \"test\",\r\n    \"percentage\": 10,\r\n    \"projectStartDate\":\"2018-03-29\",\r\n    \"projectEndDate\":\"2020-03-29\"\r\n}",
					"options": {
						"raw": {
							"language": "json"
						}
					}
				},
				"url": {
					"raw": "http://localhost:8083/member/list/262474/taskDetails",
					"protocol": "http",
					"host": [
						"localhost"
					],
					"port": "8083",
					"path": [
						"member",
						"list",
						"262474",
						"taskDetails"
					]
				}
			},
			"response": []
		}
	]
}